Gene,Value,padj
Rv0001,-0.36,0.004
Rv0002,-0.17,0.300
Rv0005,-0.32,0.010
Rv0006,0.21,0.164
Rv0007,-0.68,0.001
Rv0008c,-0.04,0.793
Rv0009,0.10,0.467
Rv0011c,-0.52,0.002
Rv0013,-0.34,0.001
Rv0014c,0.14,0.431
Rv0015c,-0.51,0.008
Rv0016c,0.08,0.670
Rv0017c,-0.23,0.536
Rv0018c,0.11,0.304
Rv0019c,-0.22,0.099
Rv0020c,0.32,0.007
Rv0023,0.23,0.073
Rv0025,-0.08,0.660
Rv0027,-0.60,0.002
Rv0028,0.03,0.872
Rv0029,-0.42,0.007
Rv0030,1.37,0.002
Rv0034,-0.18,0.261
Rv0035,-0.71,0.009
Rv0036c,0.11,0.304
Rv0038,0.48,0.002
Rv0041,-0.37,0.006
Rv0042c,-0.52,0.003
Rv0043c,-0.78,0.008
Rv0044c,-0.03,0.881
Rv0045c,0.26,0.004
Rv0046c,0.75,0.001
Rv0047c,0.07,0.792
Rv0048c,0.00,0.962
Rv0050,-0.30,0.069
Rv0051,-0.14,0.720
Rv0052,0.36,0.071
Rv0053,0.38,0.013
Rv0054,-0.33,0.047
Rv0055,-0.31,0.472
Rv0056,-0.94,0.000
Rv0059,-0.18,0.320
Rv0060,-0.30,0.111
Rv0061c,-3.44,0.000
Rv0062,-1.26,0.000
Rv0063,-0.59,0.131
Rv0066c,0.16,0.034
Rv0067c,0.12,0.841
Rv0068,-0.06,0.677
Rv0069c,-0.16,0.196
Rv0070c,-0.03,0.869
Rv0072,-0.81,0.001
Rv0073,0.28,0.674
Rv0074,0.27,0.391
Rv0075,-0.38,0.032
Rv0077c,0.46,0.014
Rv0078,0.05,0.874
Rv0078A,0.59,0.001
Rv0079,3.39,0.000
Rv0080,2.17,0.000
Rv0081,0.73,0.007
Rv0088,0.64,0.003
Rv0091,-0.31,0.051
Rv0092,-0.19,0.497
Rv0093c,-0.21,0.360
Rv0097,-0.47,0.106
Rv0098,-0.99,0.281
Rv0099,-0.21,0.540
Rv0103c,-0.71,0.303
Rv0108c,-0.33,0.198
Rv0110,-0.60,0.056
Rv0112,-0.30,0.331
Rv0116c,-1.21,0.000
Rv0117,0.45,0.064
Rv0118c,-0.72,0.001
Rv0119,-0.43,0.017
Rv0120c,-0.26,0.195
Rv0121c,0.38,0.406
Rv0123,0.74,0.013
Rv0125,-1.09,0.001
Rv0126,-0.20,0.015
Rv0127,0.08,0.425
Rv0129c,-0.56,0.148
Rv0130,-0.15,0.395
Rv0131c,-0.04,0.787
Rv0133,0.28,0.222
Rv0134,0.20,0.042
Rv0135c,0.07,0.772
Rv0136,-0.27,0.303
Rv0137c,0.25,0.056
Rv0138,0.33,0.085
Rv0139,-0.01,0.991
Rv0140,-0.49,0.090
Rv0141c,0.03,0.811
Rv0144,-0.34,0.002
Rv0145,-0.03,0.893
Rv0146,0.39,0.013
Rv0147,-0.05,0.798
Rv0148,-0.14,0.155
Rv0149,-0.23,0.100
Rv0153c,0.02,0.893
Rv0154c,-0.08,0.544
Rv0155,0.18,0.226
Rv0157,-0.20,0.194
Rv0157A,-2.03,0.015
Rv0158,0.30,0.052
Rv0161,0.01,0.949
Rv0162c,0.34,0.288
Rv0164,0.60,0.023
Rv0166,-0.99,0.001
Rv0167,-0.25,0.355
Rv0169,-0.99,0.003
Rv0170,-1.36,0.000
Rv0171,-1.55,0.000
Rv0172,-1.25,0.000
Rv0173,-1.49,0.000
Rv0174,-1.62,0.000
Rv0175,-0.36,0.001
Rv0176,-0.40,0.002
Rv0177,-0.60,0.002
Rv0178,-0.34,0.019
Rv0179c,-0.82,0.007
Rv0180c,0.02,0.901
Rv0181c,-0.20,0.155
Rv0182c,-0.52,0.029
Rv0183,0.35,0.003
Rv0184,-0.96,0.000
Rv0185,-0.53,0.012
Rv0186,-0.43,0.031
Rv0186A,2.28,0.000
Rv0187,-0.11,0.220
Rv0188,0.56,0.448
Rv0189c,-0.45,0.003
Rv0190,1.10,0.000
Rv0196,1.20,0.001
Rv0197,1.01,0.029
Rv0198c,-0.49,0.006
Rv0199,-0.55,0.000
Rv0200,-0.07,0.581
Rv0201c,-1.02,0.000
Rv0202c,-0.53,0.004
Rv0203,-1.98,0.002
Rv0206c,-0.74,0.002
Rv0207c,-0.58,0.000
Rv0208c,-0.94,0.000
Rv0211,0.70,0.002
Rv0214,-0.39,0.002
Rv0216,0.09,0.543
Rv0217c,-0.32,0.383
Rv0221,-0.03,0.845
Rv0222,0.31,0.167
Rv0223c,0.05,0.822
Rv0226c,-0.09,0.830
Rv0227c,-0.06,0.764
Rv0229c,-0.02,0.869
Rv0230c,-0.26,0.098
Rv0231,-0.35,0.022
Rv0233,1.35,0.000
Rv0234c,-0.22,0.220
Rv0236A,0.70,0.161
Rv0236c,-0.67,0.004
Rv0237,-0.70,0.001
Rv0238,0.20,0.805
Rv0241c,0.12,0.794
Rv0242c,-0.12,0.467
Rv0243,0.32,0.129
Rv0244c,3.62,0.000
Rv0245,0.81,0.001
Rv0247c,0.07,0.350
Rv0248c,-0.17,0.016
Rv0249c,-0.57,0.166
Rv0250c,-0.76,0.004
Rv0251c,2.31,0.000
Rv0262c,-0.24,0.180
Rv0263c,0.54,0.005
Rv0264c,0.43,0.018
Rv0266c,-0.17,0.337
Rv0267,0.03,0.947
Rv0270,0.27,0.001
Rv0271c,0.22,0.213
Rv0272c,-0.08,0.801
Rv0274,1.02,0.000
Rv0275c,0.97,0.005
Rv0281,-0.02,0.854
Rv0282,-0.62,0.002
Rv0283,-0.80,0.005
Rv0284,-0.19,0.249
Rv0286,-0.31,0.093
Rv0287,-1.86,0.000
Rv0289,-0.35,0.009
Rv0290,-0.82,0.001
Rv0291,-1.05,0.000
Rv0292,-0.54,0.001
Rv0293c,0.26,0.479
Rv0295c,-0.90,0.000
Rv0296c,-0.13,0.427
Rv0298,-0.13,0.604
Rv0299,-0.63,0.004
Rv0300,0.24,0.180
Rv0301,0.28,0.002
Rv0303,-0.17,0.286
Rv0306,-0.31,0.430
Rv0307c,0.67,0.044
Rv0308,0.12,0.811
Rv0309,-0.77,0.002
Rv0310c,0.11,0.585
Rv0311,0.83,0.002
Rv0312,-1.44,0.000
Rv0313,-0.47,0.120
Rv0314c,-0.48,0.016
Rv0315,-0.99,0.000
Rv0316,0.18,0.242
Rv0317c,-0.69,0.009
Rv0319,0.00,0.999
Rv0321,0.11,0.466
Rv0324,0.04,0.850
Rv0328,-0.02,0.937
Rv0329c,0.21,0.320
Rv0331,-0.11,0.517
Rv0332,-0.15,0.096
Rv0333,-0.02,0.889
Rv0334,0.33,0.060
Rv0337c,-0.61,0.002
Rv0338c,0.02,0.882
Rv0339c,0.00,0.999
Rv0342,0.18,0.567
Rv0343,-0.20,0.692
Rv0344c,-1.15,0.001
Rv0346c,-0.87,0.035
Rv0347,0.56,0.001
Rv0348,0.21,0.495
Rv0349,-0.32,0.554
Rv0350,0.35,0.054
Rv0351,0.09,0.593
Rv0352,0.37,0.019
Rv0353,0.24,0.331
Rv0356c,-0.27,0.050
Rv0357c,-0.06,0.414
Rv0360c,-0.52,0.009
Rv0361,-0.28,0.257
Rv0363c,0.32,0.005
Rv0364,0.20,0.595
Rv0365c,0.21,0.161
Rv0366c,0.41,0.029
Rv0367c,-0.74,0.103
Rv0376c,0.31,0.185
Rv0379,0.22,0.162
Rv0382c,0.37,0.025
Rv0383c,0.11,0.311
Rv0384c,-0.11,0.318
Rv0386,0.35,0.293
Rv0389,0.23,0.017
Rv0390,0.46,0.008
Rv0391,0.32,0.111
Rv0392c,-0.02,0.921
Rv0394c,0.32,0.070
Rv0397A,-0.27,0.377
Rv0398c,0.40,0.602
Rv0400c,-0.19,0.071
Rv0404,-0.57,0.029
Rv0405,-0.72,0.016
Rv0406c,-0.12,0.431
Rv0407,0.04,0.781
Rv0408,-0.20,0.093
Rv0409,-0.12,0.419
Rv0410c,0.26,0.085
Rv0411c,-0.21,0.010
Rv0412c,-0.31,0.046
Rv0413,-0.05,0.811
Rv0414c,0.42,0.016
Rv0415,0.01,0.933
Rv0417,0.01,0.962
Rv0418,-0.65,0.000
Rv0419,0.15,0.478
Rv0420c,-0.14,0.732
Rv0421c,-0.05,0.767
Rv0422c,0.09,0.803
Rv0423c,-0.18,0.249
Rv0424c,0.11,0.700
Rv0426c,2.07,0.000
Rv0427c,-0.09,0.584
Rv0428c,-0.25,0.038
Rv0429c,-0.01,0.962
Rv0430,-1.29,0.001
Rv0431,-0.31,0.144
Rv0432,-0.29,0.051
Rv0433,-0.23,0.034
Rv0434,-0.82,0.009
Rv0435c,0.26,0.127
Rv0436c,0.37,0.109
Rv0437c,0.15,0.228
Rv0438c,1.41,0.002
Rv0439c,0.09,0.203
Rv0440,-0.23,0.037
Rv0441c,0.51,0.007
Rv0443,0.37,0.001
Rv0444c,-0.09,0.366
Rv0445c,-0.07,0.678
Rv0450c,0.06,0.695
Rv0451c,-0.02,0.895
Rv0452,-0.43,0.591
Rv0455c,0.02,0.922
Rv0456c,-0.13,0.698
Rv0457c,0.43,0.002
Rv0458,-0.31,0.237
Rv0461,-0.16,0.263
Rv0462,-0.41,0.000
Rv0464c,0.16,0.213
Rv0465c,-0.46,0.546
Rv0466,0.15,0.042
Rv0467,2.72,0.000
Rv0468,0.24,0.009
Rv0469,0.05,0.399
Rv0470c,-0.37,0.037
Rv0472c,-0.55,0.007
Rv0473,0.47,0.003
Rv0474,0.17,0.058
Rv0475,0.30,0.398
Rv0476,-0.12,0.693
Rv0478,-1.28,0.006
Rv0479c,0.00,0.991
Rv0480c,0.16,0.520
Rv0482,0.11,0.479
Rv0483,-0.15,0.382
Rv0484c,0.33,0.004
Rv0485,1.11,0.009
Rv0486,0.36,0.084
Rv0487,-1.63,0.044
Rv0489,0.50,0.018
Rv0490,0.42,0.001
Rv0491,0.29,0.170
Rv0492c,1.28,0.000
Rv0493c,-0.29,0.050
Rv0495c,0.04,0.834
Rv0496,0.06,0.476
Rv0497,-0.69,0.002
Rv0498,0.07,0.898
Rv0500,-0.11,0.240
Rv0500A,-0.19,0.456
Rv0501,-0.66,0.000
Rv0502,-0.62,0.000
Rv0503c,-0.91,0.003
Rv0504c,0.27,0.171
Rv0505c,-0.04,0.536
Rv0508,-0.99,0.009
Rv0509,0.69,0.005
Rv0510,-0.10,0.412
Rv0511,-0.25,0.291
Rv0512,0.02,0.921
Rv0513,-1.34,0.000
Rv0516c,-1.09,0.002
Rv0517,-0.30,0.369
Rv0518,-0.31,0.131
Rv0523c,-0.14,0.501
Rv0524,0.06,0.531
Rv0525,0.11,0.370
Rv0526,-0.41,0.005
Rv0528,-1.15,0.000
Rv0529,-0.34,0.007
Rv0530,-0.20,0.041
Rv0531,-0.26,0.230
Rv0533c,0.23,0.157
Rv0535,-0.66,0.115
Rv0536,-0.12,0.156
Rv0537c,-0.67,0.146
Rv0538,-0.28,0.045
Rv0539,-1.16,0.001
Rv0540,0.24,0.126
Rv0543c,0.44,0.010
Rv0544c,-1.53,0.002
Rv0546c,0.20,0.280
Rv0547c,0.36,0.099
Rv0548c,0.04,0.771
Rv0549c,0.53,0.003
Rv0550c,-0.05,0.785
Rv0551c,-0.02,0.875
Rv0552,0.05,0.725
Rv0553,0.15,0.466
Rv0554,0.21,0.256
Rv0555,-0.03,0.811
Rv0556,-0.27,0.595
Rv0558,-0.13,0.678
Rv0559c,-0.83,0.001
Rv0560c,0.62,0.001
Rv0562,0.09,0.377
Rv0563,0.03,0.913
Rv0564c,-0.19,0.023
Rv0565c,-0.85,0.001
Rv0566c,0.00,0.973
Rv0567,-0.65,0.001
Rv0568,-0.29,0.350
Rv0569,6.73,0.000
Rv0570,1.87,0.000
Rv0571c,1.85,0.000
Rv0572c,1.35,0.003
Rv0573c,1.26,0.000
Rv0574c,1.60,0.000
Rv0575c,0.75,0.024
Rv0576,-0.03,0.771
Rv0577,0.27,0.036
Rv0580c,0.02,0.919
Rv0581,-0.11,0.467
Rv0582,0.61,0.062
Rv0583c,-0.51,0.006
Rv0585c,0.13,0.698
Rv0586,-0.28,0.327
Rv0587,1.16,0.000
Rv0595c,0.02,0.886
Rv0597c,0.36,0.018
Rv0598c,-0.34,0.009
Rv0599c,-0.20,0.078
Rv0613c,-0.50,0.005
Rv0617,0.27,0.104
Rv0624,0.02,0.909
Rv0626,0.31,0.494
Rv0630c,-0.08,0.515
Rv0631c,0.24,0.408
Rv0632c,-0.09,0.581
Rv0633c,-0.54,0.022
Rv0634A,-0.84,0.001
Rv0634B,-0.79,0.001
Rv0634c,0.21,0.046
Rv0635,-0.15,0.158
Rv0636,-0.23,0.035
Rv0637,-0.27,0.001
Rv0638,-0.67,0.001
Rv0639,0.31,0.020
Rv0640,-0.12,0.209
Rv0641,-0.14,0.152
Rv0642c,-0.67,0.000
Rv0643c,-0.97,0.000
Rv0644c,-0.53,0.005
Rv0645c,0.13,0.320
Rv0646c,-0.26,0.255
Rv0647c,0.31,0.057
Rv0651,-0.09,0.537
Rv0652,-0.41,0.071
Rv0654,0.75,0.000
Rv0655,-0.99,0.000
Rv0660c,-0.50,0.021
Rv0667,-0.34,0.001
Rv0668,-0.42,0.009
Rv0669c,-0.40,0.004
Rv0670,0.56,0.001
Rv0672,0.10,0.220
Rv0673,0.06,0.532
Rv0675,0.15,0.436
Rv0676c,0.38,0.212
Rv0677c,-0.67,0.003
Rv0678,0.05,0.840
Rv0679c,-0.57,0.002
Rv0681,-0.05,0.585
Rv0682,0.81,0.139
Rv0683,-0.27,0.412
Rv0684,-0.13,0.072
Rv0685,0.54,0.080
Rv0686,0.02,0.924
Rv0687,0.36,0.008
Rv0688,-0.26,0.054
Rv0690c,-0.21,0.098
Rv0692,-1.14,0.007
Rv0694,0.09,0.517
Rv0700,-0.24,0.140
Rv0701,0.21,0.604
Rv0702,-0.35,0.019
Rv0703,-0.51,0.053
Rv0704,1.44,0.042
Rv0705,-0.27,0.324
Rv0706,1.67,0.091
Rv0707,-0.24,0.303
Rv0708,0.72,0.175
Rv0709,-0.25,0.157
Rv0710,-0.33,0.524
Rv0711,-0.01,0.955
Rv0712,-0.11,0.639
Rv0713,-1.00,0.000
Rv0714,-0.22,0.083
Rv0715,-0.37,0.011
Rv0716,-0.15,0.509
Rv0717,0.66,0.202
Rv0718,-0.23,0.329
Rv0719,-0.12,0.756
Rv0720,-0.32,0.604
Rv0721,-0.52,0.007
Rv0722,-0.19,0.738
Rv0723,0.40,0.529
Rv0724,0.11,0.567
Rv0726c,-0.51,0.037
Rv0729,-0.53,0.141
Rv0730,0.07,0.645
Rv0731c,0.32,0.019
Rv0732,-0.07,0.538
Rv0733,0.05,0.695
Rv0734,-0.15,0.411
Rv0738,-0.14,0.295
Rv0743c,0.10,0.822
Rv0748,-1.08,0.052
Rv0751c,0.33,0.015
Rv0752c,0.34,0.017
Rv0753c,0.62,0.001
Rv0756c,0.42,0.206
Rv0757,0.05,0.766
Rv0758,0.03,0.913
Rv0759c,0.15,0.257
Rv0760c,-0.62,0.019
Rv0761c,-0.57,0.009
Rv0763c,-0.71,0.023
Rv0767c,0.61,0.031
Rv0768,0.33,0.002
Rv0769,-0.12,0.221
Rv0772,-0.25,0.169
Rv0773c,0.16,0.433
Rv0774c,-1.18,0.000
Rv0777,0.05,0.803
Rv0778,-0.37,0.006
Rv0779c,0.17,0.565
Rv0780,0.24,0.062
Rv0785,-0.32,0.073
Rv0786c,0.46,0.007
Rv0787,-0.59,0.295
Rv0787A,-0.16,0.359
Rv0788,-0.22,0.070
Rv0791c,0.02,0.905
Rv0792c,-0.01,0.991
Rv0794c,0.06,0.735
Rv0795,-0.10,0.723
Rv0798c,-0.34,0.013
Rv0799c,-0.29,0.081
Rv0800,-0.23,0.186
Rv0801,-0.35,0.108
Rv0802c,0.00,0.989
Rv0803,-0.21,0.072
Rv0806c,-0.80,0.015
Rv0807,-0.84,0.106
Rv0808,-0.58,0.012
Rv0809,-0.01,0.896
Rv0810c,0.39,0.204
Rv0811c,0.10,0.365
Rv0812,-0.59,0.016
Rv0813c,-0.14,0.538
Rv0814c,-0.22,0.017
Rv0815c,0.02,0.852
Rv0817c,0.17,0.133
Rv0818,-0.33,0.072
Rv0819,0.16,0.394
Rv0820,-0.22,0.030
Rv0821c,0.50,0.000
Rv0822c,-1.65,0.000
Rv0823c,0.65,0.000
Rv0824c,1.88,0.000
Rv0825c,-0.93,0.000
Rv0830,0.17,0.153
Rv0831c,0.03,0.849
Rv0839,0.18,0.682
Rv0840c,-0.63,0.000
Rv0844c,0.34,0.013
Rv0845,0.11,0.620
Rv0846c,0.77,0.000
Rv0852,0.03,0.930
Rv0853c,-0.05,0.774
Rv0854,0.22,0.142
Rv0855,-0.10,0.489
Rv0857,0.98,0.051
Rv0858c,0.17,0.127
Rv0859,1.11,0.000
Rv0860,0.78,0.000
Rv0861c,0.01,0.940
Rv0862c,-0.48,0.019
Rv0863,-0.05,0.809
Rv0864,0.14,0.157
Rv0865,0.15,0.771
Rv0866,0.34,0.419
Rv0870c,-1.70,0.001
Rv0871,0.05,0.729
Rv0873,0.12,0.514
Rv0875c,0.26,0.521
Rv0876c,0.38,0.099
Rv0877,0.40,0.009
Rv0880,-0.10,0.729
Rv0881,0.09,0.691
Rv0883c,-0.77,0.000
Rv0884c,0.13,0.543
Rv0885,1.19,0.001
Rv0886,0.00,0.999
Rv0887c,0.81,0.002
Rv0888,-0.45,0.004
Rv0889c,-0.03,0.913
Rv0890c,-0.64,0.003
Rv0896,-0.12,0.341
Rv0898c,0.44,0.157
Rv0899,-0.26,0.011
Rv0901,-0.42,0.091
Rv0902c,0.38,0.000
Rv0903c,-0.05,0.784
Rv0904c,-0.04,0.864
Rv0905,-0.04,0.816
Rv0906,0.32,0.050
Rv0908,0.45,0.077
Rv0909,-1.66,0.000
Rv0910,-0.22,0.180
Rv0911,-0.26,0.024
Rv0913c,0.31,0.054
Rv0914c,-0.19,0.244
Rv0920c,-0.20,0.199
Rv0923c,-0.28,0.375
Rv0925c,-0.28,0.015
Rv0926c,-0.02,0.913
Rv0927c,-0.01,0.939
Rv0928,-0.45,0.003
Rv0931c,0.23,0.009
Rv0932c,-0.42,0.002
Rv0933,-0.52,0.013
Rv0934,-0.96,0.000
Rv0936,-0.21,0.258
Rv0937c,0.23,0.056
Rv0938,0.03,0.852
Rv0939,0.36,0.050
Rv0940c,0.15,0.230
Rv0941c,-0.34,0.017
Rv0945,-0.40,0.416
Rv0946c,0.17,0.161
Rv0948c,-1.79,0.000
Rv0949,-0.13,0.427
Rv0951,-0.12,0.201
Rv0952,0.20,0.029
Rv0953c,0.21,0.164
Rv0954,-0.19,0.097
Rv0956,-0.40,0.040
Rv0957,-0.38,0.006
Rv0958,-0.19,0.194
Rv0959,-0.30,0.052
Rv0959A,-0.82,0.007
Rv0960,-0.31,0.236
Rv0966c,-0.72,0.017
Rv0967,2.04,0.000
Rv0968,0.86,0.000
Rv0969,1.13,0.000
Rv0971c,0.90,0.000
Rv0972c,1.06,0.000
Rv0973c,0.45,0.003
Rv0974c,0.83,0.000
Rv0975c,0.72,0.004
Rv0979A,0.97,0.089
Rv0981,0.22,0.025
Rv0982,0.49,0.000
Rv0983,-1.11,0.000
Rv0984,0.45,0.002
Rv0985c,-0.16,0.508
Rv0986,-0.10,0.524
Rv0987,0.26,0.332
Rv0988,-0.39,0.143
Rv0989c,-0.14,0.538
Rv0991c,-1.43,0.004
Rv0992c,0.04,0.872
Rv0993,-0.36,0.025
Rv0994,-0.56,0.004
Rv0998,0.35,0.018
Rv0999,-0.61,0.001
Rv1001,0.05,0.410
Rv1003,0.06,0.721
Rv1004c,-2.71,0.000
Rv1006,-0.09,0.419
Rv1007c,-0.14,0.055
Rv1008,-0.18,0.028
Rv1010,-0.11,0.506
Rv1011,0.04,0.793
Rv1013,-0.64,0.000
Rv1014c,-0.23,0.242
Rv1015c,-0.07,0.436
Rv1017c,-0.60,0.001
Rv1018c,-0.11,0.408
Rv1019,0.79,0.005
Rv1020,0.27,0.092
Rv1021,0.08,0.469
Rv1022,-0.39,0.230
Rv1023,-0.09,0.146
Rv1025,0.40,0.050
Rv1026,-0.03,0.909
Rv1027c,0.49,0.041
Rv1031,-0.74,0.072
Rv1033c,-0.59,0.015
Rv1035c,-0.86,0.104
Rv1045,0.20,0.333
Rv1050,0.09,0.811
Rv1056,0.36,0.004
Rv1058,0.16,0.441
Rv1059,-0.10,0.442
Rv1060,-0.22,0.076
Rv1061,1.03,0.002
Rv1062,-0.36,0.226
Rv1063c,0.45,0.011
Rv1066,0.20,0.524
Rv1069c,0.01,0.935
Rv1070c,0.19,0.051
Rv1071c,-0.30,0.012
Rv1072,-0.24,0.259
Rv1074c,-0.03,0.830
Rv1077,0.37,0.009
Rv1078,-0.05,0.881
Rv1079,-0.18,0.149
Rv1080c,-0.38,0.065
Rv1082,0.54,0.002
Rv1084,0.29,0.004
Rv1085c,-2.77,0.000
Rv1086,0.51,0.011
Rv1092c,-0.21,0.028
Rv1093,0.18,0.038
Rv1094,1.61,0.000
Rv1095,1.02,0.004
Rv1096,-1.67,0.000
Rv1097c,-0.16,0.320
Rv1098c,-0.41,0.005
Rv1099c,0.04,0.761
Rv1100,-0.17,0.114
Rv1101c,-0.14,0.311
Rv1103c,-0.27,0.320
Rv1106c,-0.19,0.226
Rv1107c,-1.82,0.011
Rv1108c,-0.24,0.279
Rv1109c,0.28,0.231
Rv1110,0.55,0.018
Rv1111c,-0.85,0.005
Rv1112,0.20,0.106
Rv1113,-0.10,0.538
Rv1117,-0.52,0.017
Rv1118c,-0.40,0.010
Rv1121,0.02,0.929
Rv1122,0.01,0.939
Rv1123c,-1.56,0.005
Rv1124,0.20,0.158
Rv1126c,0.17,0.154
Rv1127c,0.11,0.544
Rv1129c,0.54,0.053
Rv1130,0.46,0.085
Rv1131,0.89,0.029
Rv1132,0.13,0.092
Rv1133c,-0.55,0.000
Rv1140,-0.06,0.696
Rv1141c,-0.30,0.009
Rv1142c,-0.48,0.010
Rv1143,-0.02,0.969
Rv1144,-0.15,0.115
Rv1151c,0.15,0.372
Rv1152,-0.07,0.811
Rv1155,0.54,0.071
Rv1156,-0.06,0.801
Rv1157c,-0.99,0.001
Rv1159A,0.42,0.010
Rv1160,-0.92,0.044
Rv1161,0.23,0.103
Rv1162,0.02,0.898
Rv1165,-0.13,0.154
Rv1166,-0.15,0.143
Rv1167c,-0.42,0.004
Rv1170,-0.15,0.255
Rv1173,0.01,0.980
Rv1174c,-1.42,0.128
Rv1175c,-0.81,0.008
Rv1177,0.63,0.025
Rv1178,0.63,0.001
Rv1179c,0.11,0.421
Rv1180,-0.63,0.063
Rv1181,-0.65,0.005
Rv1182,-0.96,0.000
Rv1184c,-1.76,0.000
Rv1185c,-0.92,0.000
Rv1187,0.55,0.023
Rv1188,0.06,0.801
Rv1191,-0.05,0.767
Rv1192,-0.34,0.242
Rv1193,-0.33,0.002
Rv1194c,0.72,0.012
Rv1196,-0.69,0.020
Rv1198,-3.19,0.000
Rv1201c,-0.28,0.005
Rv1202,-0.13,0.058
Rv1204c,-0.41,0.081
Rv1206,-0.29,0.174
Rv1207,-0.52,0.000
Rv1208,-0.46,0.169
Rv1209,-0.74,0.043
Rv1210,-0.36,0.133
Rv1211,-0.55,0.009
Rv1213,0.55,0.026
Rv1215c,0.06,0.766
Rv1216c,-0.15,0.494
Rv1218c,0.67,0.000
Rv1219c,1.13,0.056
Rv1220c,0.34,0.008
Rv1221,1.14,0.000
Rv1222,-0.11,0.811
Rv1223,-0.32,0.017
Rv1224,-0.13,0.817
Rv1225c,0.41,0.009
Rv1226c,-0.10,0.423
Rv1229c,0.03,0.772
Rv1230c,-0.91,0.001
Rv1231c,0.15,0.211
Rv1232c,0.05,0.544
Rv1234,0.03,0.809
Rv1235,-0.30,0.003
Rv1237,-0.17,0.887
Rv1238,-0.22,0.031
Rv1239c,-0.13,0.388
Rv1240,0.12,0.301
Rv1241,-0.47,0.019
Rv1242,-0.23,0.402
Rv1244,-0.62,0.002
Rv1245c,0.50,0.010
Rv1247c,0.71,0.001
Rv1248c,-0.21,0.048
Rv1249c,0.79,0.021
Rv1251c,-0.43,0.070
Rv1252c,-2.38,0.000
Rv1253,0.15,0.685
Rv1257c,-0.14,0.293
Rv1259,-0.11,0.848
Rv1260,0.10,0.317
Rv1261c,-0.17,0.600
Rv1263,0.01,0.950
Rv1264,0.98,0.002
Rv1265,0.46,0.007
Rv1266c,0.18,0.123
Rv1267c,-0.03,0.811
Rv1269c,-0.37,0.257
Rv1270c,-0.97,0.001
Rv1273c,-0.82,0.090
Rv1274,-0.10,0.682
Rv1275,-0.15,0.145
Rv1276c,0.09,0.412
Rv1277,0.09,0.731
Rv1278,-0.56,0.099
Rv1279,0.02,0.935
Rv1280c,0.23,0.245
Rv1281c,0.03,0.774
Rv1284,1.46,0.000
Rv1285,0.06,0.434
Rv1286,-0.07,0.708
Rv1287,0.05,0.801
Rv1288,0.34,0.024
Rv1290c,0.24,0.361
Rv1292,0.23,0.018
Rv1293,0.05,0.576
Rv1294,0.13,0.170
Rv1295,0.04,0.704
Rv1296,0.27,0.006
Rv1297,-0.87,0.001
Rv1298,-0.62,0.003
Rv1299,-0.10,0.318
Rv1301,0.02,0.917
Rv1302,-0.57,0.096
Rv1303,0.18,0.647
Rv1304,0.22,0.241
Rv1306,0.21,0.086
Rv1307,-0.07,0.766
Rv1308,0.05,0.557
Rv1309,-0.24,0.024
Rv1310,0.06,0.555
Rv1311,-0.16,0.570
Rv1312,0.69,0.007
Rv1314c,0.13,0.244
Rv1315,-0.19,0.106
Rv1316c,0.41,0.086
Rv1320c,-0.85,0.010
Rv1322A,-0.39,0.047
Rv1323,0.30,0.009
Rv1324,0.05,0.738
Rv1326c,0.55,0.015
Rv1327c,0.40,0.003
Rv1328,-0.27,0.001
Rv1329c,0.11,0.559
Rv1330c,0.25,0.197
Rv1331,0.24,0.161
Rv1332,-0.14,0.157
Rv1333,-0.12,0.281
Rv1334,-0.19,0.117
Rv1335,-0.56,0.022
Rv1336,0.03,0.538
Rv1338,-0.19,0.011
Rv1339,0.40,0.042
Rv1340,-0.13,0.174
Rv1341,-0.10,0.446
Rv1342c,1.52,0.035
Rv1345,-0.18,0.228
Rv1350,0.37,0.069
Rv1352,-2.08,0.001
Rv1360,-0.22,0.258
Rv1362c,-0.52,0.073
Rv1363c,-0.04,0.811
Rv1364c,0.05,0.723
Rv1366A,0.47,0.046
Rv1367c,-0.12,0.441
Rv1368,-0.88,0.000
Rv1377c,0.09,0.494
Rv1379,0.29,0.016
Rv1380,-0.10,0.258
Rv1381,-0.03,0.809
Rv1382,-0.63,0.013
Rv1383,0.31,0.040
Rv1384,-0.05,0.848
Rv1385,-0.11,0.198
Rv1386,-1.11,0.012
Rv1387,-0.79,0.011
Rv1388,-0.21,0.151
Rv1389,-0.84,0.040
Rv1390,-0.46,0.125
Rv1391,0.70,0.004
Rv1392,0.05,0.489
Rv1397c,-0.05,0.857
Rv1398c,0.19,0.368
Rv1399c,0.15,0.013
Rv1400c,-0.13,0.029
Rv1404,0.24,0.049
Rv1405c,1.51,0.000
Rv1406,0.23,0.019
Rv1407,-0.04,0.812
Rv1408,1.14,0.001
Rv1409,0.08,0.517
Rv1410c,0.04,0.789
Rv1411c,-0.40,0.010
Rv1412,0.30,0.044
Rv1415,0.04,0.581
Rv1416,0.32,0.003
Rv1417,0.23,0.570
Rv1419,-0.74,0.006
Rv1420,0.64,0.084
Rv1421,0.01,0.922
Rv1422,-0.18,0.170
Rv1423,0.02,0.922
Rv1424c,-0.25,0.131
Rv1425,0.33,0.036
Rv1426c,-0.16,0.201
Rv1427c,-0.32,0.011
Rv1428c,-0.15,0.131
Rv1429,0.29,0.203
Rv1432,0.11,0.756
Rv1436,-0.07,0.324
Rv1437,0.12,0.134
Rv1438,0.10,0.468
Rv1439c,0.00,0.987
Rv1442,-0.45,0.180
Rv1443c,-0.07,0.638
Rv1444c,-0.15,0.404
Rv1445c,-0.04,0.816
Rv1446c,-0.71,0.002
Rv1447c,-0.51,0.001
Rv1448c,-0.09,0.409
Rv1449c,-0.24,0.106
Rv1454c,0.01,0.966
Rv1455,0.20,0.158
Rv1458c,0.27,0.346
Rv1459c,-0.36,0.033
Rv1461,-0.57,0.001
Rv1462,-0.40,0.025
Rv1463,-0.33,0.086
Rv1464,-0.31,0.031
Rv1465,-0.73,0.001
Rv1466,-0.71,0.006
Rv1467c,0.22,0.188
Rv1470,-0.27,0.108
Rv1471,-1.40,0.000
Rv1472,-0.70,0.007
Rv1473,-0.73,0.000
Rv1474c,-0.34,0.256
Rv1475c,0.13,0.307
Rv1476,-0.75,0.000
Rv1477,-0.04,0.917
Rv1479,-0.17,0.069
Rv1480,0.04,0.700
Rv1481,-0.26,0.067
Rv1483,-0.41,0.006
Rv1484,-0.11,0.271
Rv1486c,0.57,0.083
Rv1487,-0.82,0.004
Rv1488,0.43,0.003
Rv1489,-0.35,0.009
Rv1492,0.47,0.002
Rv1493,0.49,0.001
Rv1495,0.74,0.005
Rv1496,0.08,0.411
Rv1498A,0.30,0.315
Rv1498c,-0.25,0.040
Rv1500,-1.42,0.001
Rv1501,0.21,0.376
Rv1507c,-0.35,0.012
Rv1508c,-0.91,0.033
Rv1511,-0.11,0.235
Rv1512,-0.47,0.001
Rv1513,0.08,0.604
Rv1514c,-0.51,0.072
Rv1515c,0.86,0.012
Rv1516c,-0.19,0.139
Rv1521,-0.17,0.017
Rv1523,-0.05,0.809
Rv1524,-0.03,0.920
Rv1527c,-0.66,0.003
Rv1529,0.27,0.218
Rv1531,-0.09,0.575
Rv1532c,0.64,0.003
Rv1533,0.25,0.107
Rv1534,-0.49,0.002
Rv1536,-0.23,0.008
Rv1538c,0.18,0.093
Rv1539,-2.28,0.074
Rv1540,0.00,0.999
Rv1543,-0.79,0.006
Rv1544,0.42,0.131
Rv1546,-0.10,0.538
Rv1547,-1.01,0.003
Rv1550,0.17,0.362
Rv1551,-0.10,0.801
Rv1556,0.16,0.244
Rv1558,-0.05,0.581
Rv1559,0.19,0.098
Rv1564c,0.05,0.686
Rv1566c,-0.89,0.004
Rv1568,-0.51,0.001
Rv1569,-1.29,0.002
Rv1570,0.31,0.157
Rv1571,-0.86,0.051
Rv1576c,0.32,0.082
Rv1578c,0.38,0.310
Rv1579c,-1.11,0.020
Rv1580c,-0.25,0.377
Rv1585c,0.58,0.017
Rv1586c,0.70,0.064
Rv1589,-0.70,0.000
Rv1590,-1.07,0.001
Rv1591,-0.18,0.301
Rv1592c,-1.03,0.001
Rv1593c,0.86,0.032
Rv1594,-0.68,0.000
Rv1595,-1.54,0.000
Rv1596,-0.27,0.013
Rv1598c,0.26,0.414
Rv1599,0.45,0.012
Rv1600,0.44,0.001
Rv1601,0.98,0.002
Rv1602,0.05,0.594
Rv1603,0.39,0.002
Rv1605,0.30,0.029
Rv1607,-0.54,0.026
Rv1608c,0.05,0.433
Rv1609,0.05,0.626
Rv1610,-0.37,0.087
Rv1611,-0.33,0.004
Rv1612,-0.29,0.042
Rv1613,0.12,0.365
Rv1614,-0.05,0.895
Rv1617,-0.21,0.007
Rv1618,-0.96,0.001
Rv1621c,0.44,0.040
Rv1622c,0.94,0.005
Rv1623c,1.27,0.001
Rv1624c,-2.07,0.003
Rv1625c,0.38,0.002
Rv1626,0.19,0.367
Rv1627c,0.20,0.132
Rv1628c,0.07,0.581
Rv1629,0.10,0.208
Rv1630,0.06,0.464
Rv1631,0.05,0.604
Rv1632c,0.21,0.221
Rv1633,0.10,0.384
Rv1636,0.22,0.050
Rv1637c,-0.08,0.708
Rv1638,0.40,0.029
Rv1638A,-0.45,0.051
Rv1640c,-0.02,0.896
Rv1641,-0.15,0.360
Rv1642,1.56,0.036
Rv1643,1.88,0.002
Rv1647,-0.06,0.798
Rv1649,-0.02,0.858
Rv1650,-0.02,0.869
Rv1652,0.49,0.002
Rv1653,0.34,0.035
Rv1654,0.26,0.091
Rv1655,0.75,0.001
Rv1656,0.47,0.006
Rv1657,0.13,0.332
Rv1658,0.41,0.003
Rv1659,0.08,0.472
Rv1660,-0.35,0.032
Rv1665,-0.47,0.031
Rv1676,-0.03,0.789
Rv1677,-0.23,0.433
Rv1679,-0.20,0.064
Rv1680,-0.23,0.240
Rv1683,0.21,0.065
Rv1684,-0.36,0.350
Rv1687c,-0.49,0.041
Rv1689,0.01,0.915
Rv1691,-0.83,0.001
Rv1692,0.09,0.557
Rv1693,-0.70,0.002
Rv1695,0.70,0.009
Rv1696,-0.04,0.838
Rv1697,-0.39,0.053
Rv1698,-0.45,0.006
Rv1699,-0.11,0.244
Rv1700,0.26,0.155
Rv1701,-0.37,0.376
Rv1703c,0.00,0.999
Rv1704c,-1.45,0.000
Rv1707,-0.16,0.324
Rv1708,-0.24,0.140
Rv1710,0.07,0.592
Rv1711,-0.38,0.004
Rv1712,-0.08,0.659
Rv1713,0.22,0.095
Rv1719,0.17,0.068
Rv1721c,-0.32,0.117
Rv1722,-0.13,0.146
Rv1728c,-0.46,0.174
Rv1729c,-0.01,0.958
Rv1730c,0.36,0.112
Rv1731,-0.11,0.380
Rv1732c,-0.02,0.698
Rv1736c,0.43,0.068
Rv1737c,2.32,0.000
Rv1738,6.64,0.000
Rv1742,0.78,0.073
Rv1743,-0.13,0.173
Rv1745c,-0.14,0.540
Rv1746,-0.22,0.159
Rv1747,0.00,0.986
Rv1748,0.48,0.003
Rv1749c,-0.43,0.034
Rv1750c,-0.08,0.673
Rv1751,-0.18,0.119
Rv1761c,0.30,0.131
Rv1762c,-0.08,0.744
Rv1769,-0.08,0.570
Rv1770,0.06,0.509
Rv1771,-0.02,0.860
Rv1772,0.37,0.504
Rv1773c,0.56,0.000
Rv1778c,-0.01,0.939
Rv1779c,0.50,0.050
Rv1780,-0.50,0.022
Rv1782,-0.27,0.376
Rv1783,0.03,0.781
Rv1785c,0.07,0.848
Rv1789,-0.02,0.939
Rv1793,0.48,0.087
Rv1794,0.14,0.240
Rv1795,-0.50,0.002
Rv1796,-0.25,0.012
Rv1797,-0.12,0.203
Rv1798,-0.08,0.524
Rv1800,-0.18,0.522
Rv1805c,0.28,0.090
Rv1807,-0.85,0.365
Rv1808,-1.27,0.008
Rv1810,-2.78,0.000
Rv1812c,-0.85,0.002
Rv1813c,1.59,0.000
Rv1819c,0.11,0.145
Rv1820,0.38,0.011
Rv1821,-0.02,0.858
Rv1823,-0.70,0.000
Rv1825,-0.39,0.001
Rv1826,-0.11,0.586
Rv1827,0.67,0.132
Rv1828,0.01,0.966
Rv1829,-0.12,0.499
Rv1830,-0.40,0.147
Rv1832,0.22,0.192
Rv1833c,0.00,0.970
Rv1834,1.23,0.001
Rv1835c,-0.08,0.667
Rv1836c,-0.25,0.121
Rv1837c,-0.19,0.082
Rv1838c,0.48,0.283
Rv1841c,-0.23,0.350
Rv1842c,-0.13,0.464
Rv1843c,-0.02,0.819
Rv1844c,0.23,0.210
Rv1847,-0.04,0.850
Rv1848,-0.45,0.048
Rv1850,-0.46,0.016
Rv1852,0.05,0.811
Rv1854c,0.96,0.000
Rv1855c,0.19,0.348
Rv1856c,0.05,0.809
Rv1857,-0.02,0.963
Rv1860,-0.79,0.007
Rv1862,0.45,0.258
Rv1864c,-0.08,0.697
Rv1865c,-0.03,0.937
Rv1866,-0.65,0.003
Rv1867,0.39,0.069
Rv1869c,0.08,0.462
Rv1871c,0.84,0.040
Rv1872c,0.22,0.293
Rv1874,0.01,0.983
Rv1875,0.08,0.531
Rv1876,0.96,0.010
Rv1878,0.04,0.793
Rv1880c,-0.50,0.001
Rv1881c,0.09,0.756
Rv1882c,0.16,0.444
Rv1883c,0.17,0.377
Rv1884c,0.44,0.058
Rv1885c,-0.88,0.000
Rv1886c,-0.85,0.013
Rv1887,-2.36,0.002
Rv1890c,0.33,0.575
Rv1891,-1.03,0.110
Rv1893,-0.16,0.600
Rv1894c,1.30,0.000
Rv1895,-0.41,0.071
Rv1896c,-0.26,0.016
Rv1897c,0.10,0.785
Rv1898,0.72,0.037
Rv1899c,0.06,0.811
Rv1900c,0.12,0.544
Rv1901,-0.15,0.291
Rv1904,-1.29,0.001
Rv1905c,0.14,0.138
Rv1906c,-1.62,0.003
Rv1908c,-0.51,0.000
Rv1910c,-1.05,0.015
Rv1911c,-0.92,0.000
Rv1912c,-0.14,0.499
Rv1914c,-0.14,0.787
Rv1915,0.43,0.094
Rv1919c,-0.08,0.586
Rv1920,-0.07,0.773
Rv1922,-1.02,0.058
Rv1923,-1.40,0.000
Rv1924c,-0.76,0.001
Rv1925,-0.40,0.001
Rv1926c,-1.54,0.008
Rv1927,-0.05,0.933
Rv1928c,-0.41,0.253
Rv1932,0.02,0.918
Rv1938,0.25,0.024
Rv1942c,-0.11,0.121
Rv1943c,-0.11,0.504
Rv1944c,0.12,0.409
Rv1954A,3.02,0.000
Rv1956,0.08,0.777
Rv1957,-0.62,0.008
Rv1960c,-0.38,0.024
Rv1962c,0.23,0.430
Rv1963c,-0.10,0.744
Rv1976c,-0.14,0.427
Rv1977,0.10,0.352
Rv1978,0.21,0.426
Rv1980c,-2.67,0.000
Rv1981c,0.12,0.648
Rv1982A,0.41,0.105
Rv1984c,-3.05,0.000
Rv1987,-0.96,0.004
Rv1989c,0.65,0.009
Rv1990c,0.16,0.249
Rv1991c,0.24,0.173
Rv1993c,0.60,0.041
Rv1994c,0.16,0.738
Rv1996,4.24,0.000
Rv1997,1.85,0.000
Rv1998c,-0.72,0.007
Rv2000,-0.83,0.000
Rv2001,-0.21,0.096
Rv2002,-0.43,0.012
Rv2003c,1.17,0.000
Rv2004c,1.88,0.000
Rv2005c,3.41,0.000
Rv2006,0.24,0.308
Rv2007c,2.78,0.000
Rv2008c,-0.01,0.972
Rv2012,-0.83,0.020
Rv2016,0.11,0.496
Rv2018,-0.13,0.505
Rv2019,0.31,0.355
Rv2021c,-0.47,0.257
Rv2026c,-0.71,0.067
Rv2027c,-0.45,0.105
Rv2028c,3.58,0.000
Rv2029c,2.22,0.000
Rv2030c,4.03,0.000
Rv2031c,7.95,0.000
Rv2032,6.07,0.000
Rv2033c,-1.42,0.009
Rv2035,0.43,0.003
Rv2037c,0.20,0.223
Rv2038c,1.79,0.000
Rv2041c,-0.01,0.962
Rv2042c,-0.04,0.829
Rv2043c,1.22,0.000
Rv2046,-0.35,0.181
Rv2047c,-0.27,0.598
Rv2048c,-0.57,0.000
Rv2050,-0.44,0.004
Rv2051c,-0.52,0.003
Rv2052c,0.26,0.215
Rv2053c,-0.41,0.066
Rv2054,-0.45,0.002
Rv2055c,0.43,0.298
Rv2061c,-0.20,0.304
Rv2062c,0.12,0.459
Rv2063,0.60,0.056
Rv2064,-0.79,0.030
Rv2065,-0.14,0.203
Rv2066,0.16,0.136
Rv2067c,-0.31,0.039
Rv2068c,-0.82,0.005
Rv2070c,-0.61,0.071
Rv2073c,-0.03,0.868
Rv2074,0.82,0.004
Rv2080,-0.78,0.003
Rv2082,-0.74,0.068
Rv2088,-0.11,0.190
Rv2089c,0.31,0.170
Rv2090,-0.05,0.707
Rv2091c,-0.39,0.062
Rv2092c,-0.04,0.735
Rv2093c,-1.03,0.000
Rv2094c,-0.32,0.003
Rv2095c,0.42,0.009
Rv2096c,0.51,0.000
Rv2097c,0.33,0.001
Rv2101,-0.52,0.003
Rv2102,-0.85,0.000
Rv2103c,0.81,0.001
Rv2104c,0.51,0.323
Rv2109c,-0.06,0.361
Rv2110c,-0.05,0.832
Rv2111c,0.73,0.004
Rv2112c,0.27,0.013
Rv2113,-0.54,0.001
Rv2114,-0.09,0.434
Rv2115c,0.41,0.001
Rv2117,0.06,0.712
Rv2118c,0.01,0.982
Rv2121c,0.01,0.965
Rv2122c,-0.40,0.011
Rv2124c,-0.79,0.000
Rv2125,-0.15,0.567
Rv2129c,-0.29,0.011
Rv2130c,0.01,0.927
Rv2131c,0.09,0.254
Rv2134c,0.30,0.118
Rv2135c,0.27,0.514
Rv2137c,0.94,0.000
Rv2138,0.24,0.041
Rv2139,-0.63,0.013
Rv2140c,0.23,0.148
Rv2141c,0.00,0.999
Rv2145c,-0.05,0.710
Rv2147c,-1.21,0.000
Rv2148c,0.21,0.259
Rv2149c,0.13,0.230
Rv2150c,-0.55,0.007
Rv2151c,0.01,0.970
Rv2152c,0.21,0.132
Rv2153c,0.10,0.668
Rv2155c,-0.57,0.003
Rv2156c,0.18,0.497
Rv2157c,-0.19,0.035
Rv2158c,0.26,0.014
Rv2159c,0.69,0.009
Rv2161c,0.64,0.002
Rv2163c,-1.05,0.003
Rv2164c,-2.09,0.000
Rv2165c,0.60,0.003
Rv2166c,0.49,0.001
Rv2169c,-0.26,0.225
Rv2171,-0.46,0.196
Rv2172c,0.23,0.079
Rv2173,-0.29,0.002
Rv2175c,0.21,0.043
Rv2176,-0.81,0.071
Rv2178c,-0.15,0.205
Rv2179c,-0.30,0.081
Rv2181,-0.24,0.183
Rv2182c,0.10,0.647
Rv2183c,-0.36,0.001
Rv2184c,-0.46,0.066
Rv2185c,0.10,0.581
Rv2187,-0.07,0.352
Rv2190c,-1.04,0.001
Rv2192c,0.18,0.140
Rv2193,-0.82,0.082
Rv2194,-0.24,0.153
Rv2195,-0.12,0.143
Rv2196,-0.46,0.001
Rv2197c,-0.33,0.149
Rv2198c,-0.24,0.069
Rv2200c,-0.48,0.008
Rv2201,-0.23,0.007
Rv2202c,-0.01,0.956
Rv2203,-0.72,0.016
Rv2204c,-0.64,0.005
Rv2206,0.50,0.014
Rv2207,-0.26,0.001
Rv2210c,0.28,0.011
Rv2211c,0.06,0.627
Rv2212,0.05,0.615
Rv2213,-0.14,0.170
Rv2214c,-0.19,0.514
Rv2215,0.07,0.423
Rv2216,0.60,0.002
Rv2217,-0.06,0.849
Rv2218,-0.33,0.071
Rv2219,-0.09,0.575
Rv2220,-0.40,0.007
Rv2221c,-0.50,0.008
Rv2222c,0.07,0.785
Rv2223c,-0.86,0.000
Rv2224c,-0.56,0.000
Rv2225,0.52,0.011
Rv2226,-0.44,0.000
Rv2228c,0.01,0.956
Rv2229c,-0.06,0.799
Rv2230c,0.01,0.981
Rv2231c,-0.66,0.001
Rv2234,-0.77,0.024
Rv2235,-1.40,0.000
Rv2237,-0.21,0.193
Rv2237A,-0.23,0.311
Rv2238c,0.10,0.477
Rv2239c,-0.18,0.298
Rv2240c,-0.75,0.010
Rv2241,-0.14,0.300
Rv2242,0.21,0.188
Rv2243,-0.54,0.014
Rv2244,-1.13,0.000
Rv2245,-0.31,0.023
Rv2246,0.10,0.583
Rv2247,-2.00,0.000
Rv2248,0.39,0.105
Rv2249c,0.10,0.746
Rv2250A,-0.11,0.371
Rv2251,-0.14,0.067
Rv2252,0.03,0.852
Rv2256c,0.82,0.007
Rv2257c,0.05,0.674
Rv2258c,-0.65,0.000
Rv2259,0.06,0.688
Rv2260,-0.40,0.056
Rv2263,0.33,0.133
Rv2265,0.26,0.583
Rv2271,-1.28,0.000
Rv2272,-0.36,0.258
Rv2275,-0.49,0.028
Rv2276,-1.06,0.001
Rv2280,0.14,0.434
Rv2282c,-0.07,0.528
Rv2284,0.01,0.929
Rv2285,0.37,0.011
Rv2286c,-0.23,0.048
Rv2289,-1.98,0.000
Rv2290,-0.67,0.017
Rv2291,0.62,0.003
Rv2294,-0.53,0.000
Rv2295,-0.93,0.016
Rv2296,0.01,0.924
Rv2297,-0.31,0.051
Rv2298,-0.15,0.237
Rv2299c,0.07,0.678
Rv2301,-1.03,0.000
Rv2302,0.47,0.272
Rv2305,-0.04,0.810
Rv2314c,-0.06,0.491
Rv2315c,0.17,0.009
Rv2325c,-1.32,0.115
Rv2326c,-0.05,0.532
Rv2327,0.15,0.320
Rv2332,0.19,0.329
Rv2334,0.53,0.000
Rv2335,0.20,0.515
Rv2338c,-0.43,0.021
Rv2342,-0.62,0.168
Rv2343c,-0.35,0.051
Rv2344c,0.08,0.602
Rv2345,-0.03,0.712
Rv2346c,0.23,0.483
Rv2350c,-0.55,0.002
Rv2351c,-0.15,0.323
Rv2357c,0.13,0.062
Rv2358,-0.35,0.096
Rv2359,0.70,0.002
Rv2360c,0.28,0.029
Rv2361c,0.24,0.158
Rv2363,0.11,0.293
Rv2364c,0.00,1.000
Rv2365c,-0.30,0.233
Rv2366c,0.05,0.869
Rv2367c,-0.86,0.037
Rv2368c,0.91,0.000
Rv2373c,0.18,0.233
Rv2374c,0.74,0.000
Rv2375,-0.32,0.072
Rv2376c,-2.39,0.000
Rv2377c,-1.32,0.036
Rv2378c,-0.30,0.213
Rv2380c,-0.13,0.513
Rv2383c,-1.11,0.009
Rv2386c,-0.24,0.729
Rv2387,0.02,0.918
Rv2391,0.41,0.024
Rv2392,0.57,0.000
Rv2394,-0.26,0.001
Rv2397c,-0.23,0.221
Rv2400c,0.19,0.070
Rv2402,0.23,0.189
Rv2403c,-0.02,0.948
Rv2404c,-0.06,0.322
Rv2405,0.35,0.206
Rv2406c,-0.09,0.728
Rv2409c,-0.02,0.909
Rv2410c,-0.31,0.026
Rv2411c,0.10,0.322
Rv2412,-0.26,0.531
Rv2413c,-0.33,0.226
Rv2416c,-0.16,0.088
Rv2417c,-0.27,0.106
Rv2418c,-0.35,0.118
Rv2419c,0.14,0.363
Rv2420c,-0.43,0.011
Rv2421c,-0.66,0.007
Rv2426c,0.00,0.999
Rv2427c,0.08,0.450
Rv2428,0.06,0.787
Rv2429,0.18,0.208
Rv2430c,-0.93,0.070
Rv2438c,0.04,0.664
Rv2439c,-0.12,0.659
Rv2440c,-0.28,0.143
Rv2441c,-0.34,0.103
Rv2442c,-0.82,0.000
Rv2444c,0.16,0.300
Rv2445c,-0.28,0.007
Rv2447c,-0.25,0.046
Rv2448c,0.14,0.081
Rv2449c,0.00,0.980
Rv2453c,0.28,0.059
Rv2454c,-0.14,0.217
Rv2455c,-0.46,0.019
Rv2457c,0.13,0.256
Rv2459,-0.64,0.086
Rv2460c,-0.02,0.918
Rv2461c,0.01,0.931
Rv2462c,-0.51,0.000
Rv2463,-0.31,0.246
Rv2465c,0.11,0.265
Rv2466c,0.43,0.036
Rv2467,-0.22,0.196
Rv2468c,0.44,0.107
Rv2470,0.18,0.132
Rv2473,-0.08,0.609
Rv2474c,-0.05,0.918
Rv2475c,-0.28,0.052
Rv2476c,-0.02,0.862
Rv2477c,0.20,0.075
Rv2478c,2.16,0.012
Rv2482c,0.03,0.878
Rv2483c,0.39,0.035
Rv2484c,-0.11,0.434
Rv2486,-0.19,0.023
Rv2488c,0.36,0.274
Rv2493,-0.39,0.045
Rv2494,-0.16,0.298
Rv2495c,0.62,0.000
Rv2496c,0.79,0.000
Rv2497c,0.81,0.001
Rv2498c,0.29,0.010
Rv2499c,0.80,0.002
Rv2500c,1.09,0.000
Rv2501c,0.70,0.032
Rv2502c,0.35,0.089
Rv2503c,0.74,0.006
Rv2504c,1.00,0.000
Rv2506,0.80,0.000
Rv2509,-0.07,0.441
Rv2510c,-0.02,0.918
Rv2511,0.10,0.472
Rv2513,-0.12,0.477
Rv2516c,0.30,0.019
Rv2518c,-0.35,0.003
Rv2520c,-0.01,0.991
Rv2521,0.22,0.063
Rv2522c,0.07,0.695
Rv2524c,-1.62,0.000
Rv2525c,-1.89,0.002
Rv2526,-0.29,0.191
Rv2527,0.09,0.623
Rv2528c,-0.03,0.797
Rv2529,-0.58,0.030
Rv2530A,-0.14,0.830
Rv2530c,0.17,0.517
Rv2531c,-0.10,0.514
Rv2532c,-1.17,0.000
Rv2533c,0.08,0.517
Rv2534c,0.72,0.001
Rv2535c,0.28,0.031
Rv2536,0.06,0.859
Rv2537c,0.35,0.329
Rv2538c,-0.06,0.785
Rv2540c,0.53,0.000
Rv2548A,0.03,0.813
Rv2552c,0.14,0.168
Rv2553c,-0.98,0.001
Rv2554c,-0.62,0.000
Rv2555c,0.03,0.532
Rv2556c,0.34,0.216
Rv2557,1.77,0.003
Rv2558,1.21,0.011
Rv2559c,0.18,0.408
Rv2563,-0.45,0.002
Rv2564,0.24,0.339
Rv2565,0.14,0.222
Rv2566,0.26,0.086
Rv2567,-0.30,0.059
Rv2568c,-0.20,0.051
Rv2569c,-0.15,0.354
Rv2570,1.13,0.000
Rv2571c,-0.57,0.001
Rv2572c,0.04,0.775
Rv2574,-0.09,0.154
Rv2575,-0.57,0.000
Rv2576c,-0.50,0.187
Rv2579,0.34,0.041
Rv2580c,0.32,0.017
Rv2581c,-0.23,0.049
Rv2582,-0.31,0.074
Rv2583c,0.04,0.864
Rv2584c,-0.48,0.013
Rv2585c,0.01,0.980
Rv2586c,-0.03,0.811
Rv2587c,-0.03,0.791
Rv2588c,0.21,0.329
Rv2589,0.51,0.008
Rv2590,0.46,0.004
Rv2592c,0.59,0.007
Rv2593c,-0.08,0.708
Rv2595,-0.27,0.160
Rv2596,-0.06,0.933
Rv2597,-0.29,0.043
Rv2602,1.56,0.045
Rv2603c,-0.08,0.529
Rv2604c,-0.01,0.969
Rv2605c,0.29,0.009
Rv2606c,0.30,0.006
Rv2607,-0.04,0.811
Rv2609c,-0.26,0.044
Rv2610c,0.03,0.850
Rv2611c,0.27,0.399
Rv2613c,0.19,0.208
Rv2614c,0.14,0.225
Rv2616,0.11,0.426
Rv2618,-0.25,0.069
Rv2619c,2.10,0.000
Rv2620c,-0.29,0.136
Rv2622,-0.07,0.639
Rv2623,7.13,0.000
Rv2624c,3.49,0.000
Rv2625c,3.01,0.000
Rv2626c,6.61,0.000
Rv2627c,4.50,0.000
Rv2628,4.51,0.000
Rv2629,3.78,0.000
Rv2630,1.29,0.001
Rv2632c,-0.21,0.573
Rv2633c,0.08,0.709
Rv2637,-1.03,0.024
Rv2643,-0.50,0.232
Rv2650c,0.19,0.244
Rv2658c,0.88,0.000
Rv2664,0.22,0.377
Rv2670c,-0.11,0.697
Rv2671,-0.56,0.062
Rv2672,-0.53,0.000
Rv2673,-0.23,0.224
Rv2674,-0.06,0.617
Rv2675c,0.31,0.005
Rv2676c,0.15,0.276
Rv2677c,-0.16,0.084
Rv2678c,0.52,0.000
Rv2679,-0.58,0.012
Rv2680,0.14,0.092
Rv2681,0.45,0.335
Rv2682c,-0.14,0.546
Rv2683,-1.10,0.000
Rv2689c,-0.36,0.414
Rv2690c,0.00,0.999
Rv2691,0.40,0.006
Rv2692,0.50,0.003
Rv2694c,0.00,0.986
Rv2695,0.31,0.003
Rv2696c,-0.26,0.019
Rv2697c,-0.24,0.056
Rv2699c,-0.59,0.066
Rv2700,-0.89,0.000
Rv2701c,-0.09,0.513
Rv2702,-1.16,0.019
Rv2703,-0.26,0.082
Rv2705c,-0.42,0.071
Rv2707,0.09,0.790
Rv2708c,-2.10,0.000
Rv2709,-0.35,0.019
Rv2710,-0.18,0.406
Rv2711,0.33,0.004
Rv2713,0.30,0.016
Rv2714,-0.44,0.005
Rv2715,-0.81,0.001
Rv2716,0.17,0.441
Rv2717c,-0.17,0.538
Rv2718c,0.00,0.988
Rv2720,0.18,0.309
Rv2721c,-0.29,0.031
Rv2724c,0.82,0.001
Rv2725c,0.91,0.093
Rv2726c,0.13,0.160
Rv2728c,-0.36,0.005
Rv2731,0.39,0.012
Rv2732c,-0.38,0.043
Rv2733c,0.65,0.300
Rv2737c,0.02,0.949
Rv2738c,-0.78,0.004
Rv2739c,0.04,0.798
Rv2740,-0.36,0.108
Rv2743c,0.07,0.711
Rv2744c,-0.04,0.697
Rv2745c,0.62,0.008
Rv2747,0.52,0.043
Rv2748c,0.92,0.008
Rv2749,0.26,0.136
Rv2750,0.39,0.047
Rv2751,0.26,0.006
Rv2752c,-0.07,0.544
Rv2753c,-0.03,0.933
Rv2754c,0.14,0.318
Rv2756c,-0.59,0.003
Rv2760c,0.08,0.592
Rv2761c,0.60,0.168
Rv2763c,-0.23,0.495
Rv2764c,-0.13,0.376
Rv2765,-0.23,0.051
Rv2766c,0.34,0.009
Rv2771c,0.79,0.211
Rv2772c,-0.28,0.134
Rv2773c,0.14,0.340
Rv2775,-0.18,0.398
Rv2778c,-0.46,0.016
Rv2780,3.20,0.000
Rv2781c,-0.59,0.070
Rv2782c,0.31,0.340
Rv2783c,-0.08,0.403
Rv2785c,-0.35,0.060
Rv2786c,0.54,0.106
Rv2788,0.31,0.034
Rv2789c,-0.15,0.199
Rv2790c,-0.15,0.105
Rv2793c,-0.62,0.001
Rv2794c,-1.37,0.000
Rv2795c,0.13,0.353
Rv2799,-0.50,0.044
Rv2802c,-1.16,0.002
Rv2808,-0.56,0.009
Rv2818c,-0.12,0.320
Rv2821c,-0.41,0.092
Rv2824c,-0.29,0.304
Rv2826c,1.16,0.072
Rv2827c,-0.37,0.035
Rv2828A,-0.32,0.399
Rv2829c,1.13,0.001
Rv2830c,1.61,0.012
Rv2831,0.01,0.962
Rv2837c,-0.32,0.012
Rv2838c,-0.60,0.000
Rv2839c,-0.18,0.380
Rv2840c,0.09,0.900
Rv2841c,0.36,0.042
Rv2842c,0.13,0.536
Rv2843,-0.24,0.241
Rv2844,-0.12,0.626
Rv2845c,0.19,0.105
Rv2846c,-1.60,0.000
Rv2847c,-0.06,0.809
Rv2848c,-0.31,0.278
Rv2849c,1.15,0.002
Rv2850c,0.00,0.999
Rv2851c,0.32,0.106
Rv2852c,0.20,0.100
Rv2854,-0.42,0.106
Rv2855,-0.59,0.002
Rv2857c,-1.06,0.000
Rv2858c,-0.15,0.101
Rv2859c,-0.28,0.199
Rv2860c,-0.06,0.657
Rv2861c,-0.02,0.929
Rv2868c,0.33,0.003
Rv2869c,-1.22,0.000
Rv2870c,0.54,0.013
Rv2871,-0.03,0.937
Rv2872,0.29,0.079
Rv2873,-0.19,0.171
Rv2875,-0.83,0.035
Rv2878c,-1.25,0.001
Rv2882c,0.25,0.037
Rv2883c,0.10,0.326
Rv2886c,0.48,0.071
Rv2887,0.04,0.869
Rv2888c,-0.13,0.222
Rv2889c,-0.01,0.911
Rv2890c,-0.35,0.035
Rv2893,0.48,0.018
Rv2895c,-0.18,0.225
Rv2901c,0.19,0.106
Rv2902c,-2.11,0.156
Rv2903c,-0.18,0.089
Rv2904c,-0.39,0.304
Rv2906c,0.29,0.012
Rv2907c,0.39,0.041
Rv2908c,-0.45,0.011
Rv2909c,-0.08,0.850
Rv2911,-1.36,0.000
Rv2914c,-0.71,0.098
Rv2915c,-0.41,0.556
Rv2916c,-0.05,0.853
Rv2918c,-0.64,0.108
Rv2919c,0.20,0.168
Rv2921c,0.16,0.020
Rv2922A,-0.26,0.043
Rv2922c,-0.23,0.003
Rv2923c,0.44,0.001
Rv2925c,0.50,0.002
Rv2926c,0.46,0.040
Rv2927c,0.92,0.001
Rv2928,0.03,0.849
Rv2930,-0.80,0.029
Rv2931,-0.57,0.061
Rv2932,-0.25,0.230
Rv2933,-0.42,0.068
Rv2934,-0.31,0.126
Rv2935,-0.26,0.362
Rv2936,-0.57,0.051
Rv2937,-1.13,0.016
Rv2939,-0.25,0.070
Rv2940c,-0.45,0.060
Rv2941,-0.22,0.002
Rv2942,0.00,0.980
Rv2945c,-0.89,0.000
Rv2946c,-1.14,0.001
Rv2947c,-1.10,0.001
Rv2948c,-0.70,0.008
Rv2949c,-0.96,0.000
Rv2950c,-1.02,0.000
Rv2951c,0.14,0.459
Rv2952,-0.55,0.014
Rv2953,-0.20,0.320
Rv2954c,-0.85,0.002
Rv2955c,0.06,0.351
Rv2956,-0.12,0.583
Rv2957,-0.27,0.190
Rv2958c,-0.10,0.867
Rv2959c,-0.17,0.402
Rv2962c,-0.39,0.136
Rv2964,0.08,0.731
Rv2965c,0.21,0.155
Rv2966c,-0.38,0.261
Rv2967c,-0.21,0.148
Rv2969c,-0.15,0.144
Rv2970c,-0.09,0.521
Rv2971,-0.20,0.183
Rv2976c,-0.49,0.001
Rv2977c,0.13,0.224
Rv2980,-0.61,0.009
Rv2981c,-0.18,0.107
Rv2982c,0.14,0.282
Rv2983,0.18,0.112
Rv2984,-0.03,0.778
Rv2985,0.14,0.478
Rv2986c,0.78,0.423
Rv2987c,-0.72,0.001
Rv2988c,-0.36,0.002
Rv2989,-0.14,0.521
Rv2991,0.06,0.563
Rv2992c,-0.16,0.028
Rv2993c,0.01,0.965
Rv2994,-0.04,0.917
Rv2995c,0.15,0.170
Rv2996c,0.51,0.002
Rv2999,-0.11,0.504
Rv3000,0.41,0.204
Rv3001c,0.02,0.853
Rv3002c,-0.16,0.433
Rv3003c,-0.49,0.005
Rv3005c,-0.67,0.025
Rv3006,-0.21,0.157
Rv3009c,-0.52,0.001
Rv3010c,0.37,0.002
Rv3011c,0.02,0.788
Rv3012c,-0.65,0.021
Rv3013,0.14,0.070
Rv3014c,-0.16,0.213
Rv3015c,0.30,0.067
Rv3024c,-0.63,0.320
Rv3025c,-0.32,0.013
Rv3028c,0.37,0.024
Rv3029c,0.25,0.073
Rv3030,-1.37,0.026
Rv3031,0.14,0.603
Rv3032A,-0.48,0.056
Rv3033,-0.09,0.317
Rv3034c,-0.28,0.218
Rv3035,0.03,0.789
Rv3036c,-1.34,0.000
Rv3038c,-1.70,0.000
Rv3039c,0.18,0.224
Rv3040c,0.14,0.284
Rv3041c,0.19,0.055
Rv3042c,0.22,0.185
Rv3043c,-0.57,0.002
Rv3044,-0.29,0.024
Rv3045,0.09,0.546
Rv3046c,-0.14,0.467
Rv3048c,0.37,0.104
Rv3049c,-0.81,0.005
Rv3050c,0.20,0.155
Rv3051c,0.26,0.023
Rv3052c,-0.59,0.017
Rv3053c,-0.73,0.352
Rv3054c,-0.56,0.057
Rv3055,0.56,0.021
Rv3057c,0.76,0.110
Rv3058c,-0.07,0.689
Rv3059,0.91,0.000
Rv3061c,0.41,0.000
Rv3062,0.21,0.757
Rv3068c,-0.16,0.361
Rv3071,-0.24,0.365
Rv3075c,0.22,0.048
Rv3076,-0.33,0.327
Rv3077,-0.90,0.002
Rv3079c,0.10,0.289
Rv3080c,0.84,0.002
Rv3084,0.90,0.002
Rv3085,0.48,0.024
Rv3086,1.32,0.001
Rv3087,1.45,0.000
Rv3088,1.52,0.000
Rv3089,0.67,0.004
Rv3090,-0.28,0.074
Rv3091,-0.04,0.738
Rv3092c,0.14,0.589
Rv3093c,0.32,0.051
Rv3094c,0.98,0.006
Rv3095,0.06,0.881
Rv3098A,-0.10,0.811
Rv3099c,0.24,0.009
Rv3101c,-0.07,0.772
Rv3102c,-0.35,0.005
Rv3104c,0.12,0.368
Rv3105c,0.03,0.827
Rv3106,-0.40,0.010
Rv3107c,-0.31,0.008
Rv3116,-0.53,0.004
Rv3119,-0.74,0.000
Rv3120,-0.66,0.002
Rv3121,-0.57,0.000
Rv3127,5.25,0.000
Rv3130c,3.42,0.000
Rv3131,4.27,0.000
Rv3132c,2.10,0.000
Rv3133c,3.37,0.000
Rv3134c,3.69,0.000
Rv3136,-0.45,0.120
Rv3137,0.31,0.021
Rv3139,1.09,0.006
Rv3140,1.25,0.000
Rv3141,-0.01,0.950
Rv3142c,-0.24,0.261
Rv3143,-0.06,0.761
Rv3144c,-1.70,0.001
Rv3145,-0.87,0.000
Rv3146,-0.69,0.001
Rv3147,-0.06,0.606
Rv3148,-0.65,0.000
Rv3149,-0.24,0.046
Rv3150,-0.31,0.036
Rv3151,-0.63,0.001
Rv3152,-0.03,0.951
Rv3153,-0.44,0.021
Rv3154,-0.72,0.013
Rv3156,-1.17,0.000
Rv3157,-0.15,0.207
Rv3158,-0.01,0.939
Rv3160c,0.13,0.729
Rv3161c,0.77,0.024
Rv3168,0.16,0.141
Rv3169,0.00,0.986
Rv3173c,-0.06,0.678
Rv3181c,-0.08,0.660
Rv3182,0.03,0.965
Rv3188,0.54,0.021
Rv3190A,-0.76,0.013
Rv3190c,-0.51,0.078
Rv3193c,-0.29,0.060
Rv3194c,-0.26,0.106
Rv3196,3.10,0.000
Rv3196A,-0.44,0.216
Rv3197,-0.31,0.016
Rv3198A,-1.52,0.000
Rv3198c,-0.57,0.012
Rv3199c,0.00,0.989
Rv3200c,0.24,0.033
Rv3203,-0.27,0.054
Rv3205c,0.13,0.124
Rv3206c,0.03,0.809
Rv3207c,-1.29,0.000
Rv3208,-0.60,0.003
Rv3208A,0.29,0.113
Rv3210c,-0.02,0.910
Rv3211,-0.80,0.003
Rv3212,-0.07,0.576
Rv3213c,-0.92,0.001
Rv3214,0.09,0.521
Rv3215,-0.22,0.152
Rv3218,0.11,0.570
Rv3220c,-0.24,0.101
Rv3221A,-0.14,0.458
Rv3223c,-0.26,0.006
Rv3224,0.00,0.985
Rv3225c,-0.53,0.008
Rv3226c,-0.33,0.044
Rv3227,-0.05,0.538
Rv3228,-0.06,0.653
Rv3231c,0.17,0.238
Rv3232c,-0.07,0.641
Rv3237c,0.23,0.250
Rv3240c,0.33,0.009
Rv3241c,1.13,0.000
Rv3244c,0.18,0.361
Rv3245c,0.13,0.288
Rv3246c,0.69,0.002
Rv3247c,0.19,0.095
Rv3248c,0.23,0.051
Rv3249c,-0.15,0.454
Rv3250c,-1.05,0.001
Rv3252c,-0.04,0.896
Rv3254,0.23,0.180
Rv3255c,0.33,0.083
Rv3256c,-0.22,0.143
Rv3257c,0.16,0.088
Rv3259,-0.29,0.334
Rv3260c,-0.57,0.033
Rv3261,0.23,0.082
Rv3262,-0.21,0.021
Rv3264c,-0.04,0.499
Rv3265c,0.32,0.117
Rv3266c,-0.22,0.498
Rv3267,-1.36,0.000
Rv3268,0.23,0.471
Rv3269,0.68,0.039
Rv3270,0.35,0.006
Rv3272,-0.49,0.012
Rv3273,-0.44,0.001
Rv3274c,0.19,0.313
Rv3275c,0.82,0.008
Rv3276c,0.04,0.658
Rv3278c,-0.12,0.485
Rv3279c,-0.10,0.682
Rv3280,-0.47,0.004
Rv3281,-0.43,0.011
Rv3282,-0.33,0.257
Rv3283,0.12,0.339
Rv3284,-0.02,0.934
Rv3285,-0.51,0.000
Rv3286c,-0.05,0.939
Rv3287c,0.59,0.015
Rv3288c,0.38,0.054
Rv3290c,2.96,0.000
Rv3291c,0.43,0.002
Rv3292,0.33,0.002
Rv3293,0.07,0.729
Rv3295,-0.17,0.324
Rv3296,0.06,0.847
Rv3299c,-0.38,0.020
Rv3301c,-0.29,0.144
Rv3302c,-0.15,0.024
Rv3303c,-0.59,0.000
Rv3304,0.03,0.850
Rv3305c,0.06,0.548
Rv3306c,0.60,0.007
Rv3307,0.62,0.003
Rv3309c,0.32,0.014
Rv3310,-0.54,0.000
Rv3311,-0.14,0.281
Rv3312A,-1.31,0.026
Rv3313c,-0.34,0.041
Rv3314c,-0.23,0.240
Rv3315c,0.27,0.132
Rv3317,-0.46,0.391
Rv3318,0.09,0.281
Rv3319,-0.07,0.568
Rv3321c,-0.01,0.981
Rv3328c,-0.06,0.787
Rv3329,-0.16,0.332
Rv3330,-1.27,0.000
Rv3334,0.74,0.000
Rv3336c,-0.19,0.184
Rv3339c,0.25,0.054
Rv3340,0.75,0.000
Rv3341,-0.55,0.049
Rv3342,0.76,0.004
Rv3354,-2.56,0.000
Rv3356c,0.07,0.411
Rv3357,0.46,0.303
Rv3359,0.34,0.410
Rv3360,0.21,0.072
Rv3362c,0.07,0.876
Rv3364c,-0.88,0.005
Rv3365c,-0.86,0.000
Rv3368c,-0.30,0.019
Rv3369,0.28,0.040
Rv3372,0.15,0.360
Rv3373,-1.61,0.000
Rv3376,-0.27,0.145
Rv3377c,0.23,0.183
Rv3382c,-1.28,0.064
Rv3384c,0.03,0.917
Rv3385c,-0.35,0.193
Rv3389c,-0.45,0.004
Rv3390,-0.98,0.000
Rv3392c,-0.13,0.449
Rv3393,-0.11,0.676
Rv3396c,0.17,0.164
Rv3399,-0.09,0.218
Rv3400,0.35,0.002
Rv3401,-0.19,0.041
Rv3404c,0.14,0.087
Rv3406,0.73,0.005
Rv3407,-0.06,0.814
Rv3408,1.15,0.001
Rv3409c,0.00,0.993
Rv3410c,0.27,0.069
Rv3411c,0.64,0.000
Rv3412,-0.33,0.244
Rv3417c,0.54,0.001
Rv3418c,0.47,0.061
Rv3419c,0.10,0.628
Rv3422c,0.20,0.220
Rv3423c,0.00,0.999
Rv3432c,-0.02,0.929
Rv3433c,0.13,0.226
Rv3435c,-1.50,0.001
Rv3436c,-0.32,0.025
Rv3437,0.01,0.956
Rv3438,0.34,0.069
Rv3441c,-0.65,0.001
Rv3442c,-0.55,0.119
Rv3443c,0.14,0.750
Rv3446c,0.15,0.586
Rv3449,0.54,0.009
Rv3455c,-0.60,0.009
Rv3456c,-0.74,0.010
Rv3457c,-0.05,0.703
Rv3458c,0.07,0.815
Rv3459c,0.05,0.834
Rv3460c,0.69,0.249
Rv3461c,-1.10,0.000
Rv3462c,-0.04,0.775
Rv3463,-0.04,0.866
Rv3464,0.10,0.348
Rv3465,0.50,0.014
Rv3472,-0.46,0.041
Rv3477,-1.63,0.000
Rv3478,-1.32,0.005
Rv3480c,-0.20,0.082
Rv3482c,-0.22,0.108
Rv3483c,-0.07,0.935
Rv3484,-0.12,0.475
Rv3485c,-0.07,0.359
Rv3487c,-1.00,0.000
Rv3488,-0.02,0.949
Rv3489,-0.62,0.006
Rv3490,0.22,0.281
Rv3492c,-0.38,0.042
Rv3493c,-0.88,0.001
Rv3494c,-0.38,0.024
Rv3496c,-0.51,0.001
Rv3497c,-0.23,0.132
Rv3498c,0.12,0.548
Rv3499c,-0.36,0.010
Rv3502c,0.10,0.273
Rv3503c,0.20,0.372
Rv3504,0.54,0.018
Rv3505,0.44,0.053
Rv3509c,-0.20,0.054
Rv3510c,0.11,0.377
Rv3515c,-0.27,0.036
Rv3516,0.59,0.002
Rv3517,0.09,0.721
Rv3518c,-0.29,0.039
Rv3519,-0.50,0.029
Rv3520c,0.12,0.188
Rv3524,-0.96,0.002
Rv3525c,0.48,0.034
Rv3526,0.30,0.043
Rv3528c,-0.37,0.058
Rv3534c,0.34,0.032
Rv3535c,0.62,0.001
Rv3536c,0.44,0.002
Rv3537,0.61,0.001
Rv3538,0.39,0.113
Rv3542c,0.18,0.299
Rv3544c,0.50,0.012
Rv3545c,-0.34,0.012
Rv3546,0.39,0.002
Rv3547,-0.14,0.399
Rv3548c,0.98,0.001
Rv3550,0.02,0.913
Rv3552,1.02,0.028
Rv3554,-0.44,0.029
Rv3556c,0.11,0.258
Rv3560c,-0.39,0.103
Rv3561,0.09,0.622
Rv3562,0.77,0.002
Rv3563,0.25,0.070
Rv3564,0.23,0.132
Rv3565,0.22,0.101
Rv3566c,-0.34,0.056
Rv3568c,0.03,0.858
Rv3569c,0.31,0.007
Rv3570c,0.01,0.929
Rv3572,-0.61,0.029
Rv3573c,-0.60,0.038
Rv3574,0.34,0.063
Rv3575c,-0.21,0.134
Rv3576,-0.16,0.255
Rv3579c,0.31,0.595
Rv3580c,-0.22,0.009
Rv3581c,-0.25,0.464
Rv3582c,0.41,0.031
Rv3583c,0.50,0.043
Rv3584,-0.45,0.029
Rv3585,-0.10,0.811
Rv3586,0.08,0.399
Rv3587c,-1.70,0.000
Rv3588c,-0.17,0.519
Rv3589,-0.32,0.091
Rv3591c,-0.14,0.297
Rv3592,-0.04,0.871
Rv3593,-0.49,0.181
Rv3596c,-0.37,0.013
Rv3597c,0.28,0.241
Rv3598c,-0.21,0.115
Rv3600c,0.08,0.541
Rv3602c,-0.18,0.352
Rv3603c,0.36,0.010
Rv3604c,-0.03,0.869
Rv3605c,-0.66,0.005
Rv3606c,-0.13,0.844
Rv3607c,0.50,0.040
Rv3608c,0.40,0.007
Rv3609c,-0.19,0.376
Rv3610c,-0.07,0.710
Rv3614c,0.30,0.197
Rv3615c,0.46,0.064
Rv3616c,0.35,0.165
Rv3617,0.89,0.000
Rv3618,0.60,0.002
Rv3623,0.18,0.352
Rv3624c,-0.25,0.049
Rv3625c,0.52,0.003
Rv3626c,0.31,0.142
Rv3627c,-0.48,0.004
Rv3628,-0.19,0.206
Rv3632,-1.63,0.000
Rv3633,-0.78,0.002
Rv3634c,0.10,0.289
Rv3644c,-0.16,0.106
Rv3645,-0.04,0.743
Rv3646c,-0.61,0.000
Rv3647c,-0.22,0.042
Rv3648c,-0.40,0.218
Rv3651,-0.11,0.655
Rv3661,0.25,0.302
Rv3662c,0.07,0.790
Rv3666c,-0.56,0.012
Rv3667,-0.25,0.077
Rv3668c,-0.55,0.050
Rv3669,-0.20,0.110
Rv3671c,-0.40,0.018
Rv3672c,-0.57,0.003
Rv3673c,-0.88,0.001
Rv3674c,0.09,0.550
Rv3676,0.16,0.526
Rv3677c,0.08,0.497
Rv3678A,-0.31,0.050
Rv3678c,0.14,0.295
Rv3679,0.22,0.152
Rv3680,-0.12,0.272
Rv3682,-0.80,0.000
Rv3683,0.34,0.135
Rv3684,-0.42,0.020
Rv3685c,0.45,0.091
Rv3687c,0.28,0.239
Rv3688c,0.22,0.211
Rv3690,-0.19,0.175
Rv3691,-0.36,0.035
Rv3692,0.01,0.933
Rv3693,0.09,0.462
Rv3694c,-0.94,0.018
Rv3695,0.01,0.977
Rv3696c,-0.38,0.002
Rv3699,0.26,0.057
Rv3700c,-0.04,0.743
Rv3701c,-0.57,0.064
Rv3702c,-1.06,0.165
Rv3704c,-0.58,0.001
Rv3707c,-0.55,0.002
Rv3708c,0.12,0.325
Rv3709c,-0.21,0.042
Rv3710,0.16,0.020
Rv3711c,-0.70,0.002
Rv3712,-0.52,0.377
Rv3713,0.12,0.308
Rv3714c,-0.56,0.033
Rv3715c,-0.99,0.001
Rv3716c,-0.25,0.072
Rv3717,-0.58,0.105
Rv3718c,-0.02,0.898
Rv3719,-0.11,0.269
Rv3720,0.24,0.078
Rv3721c,-0.56,0.002
Rv3722c,-0.07,0.666
Rv3723,0.71,0.019
Rv3726,-0.18,0.167
Rv3729,1.38,0.004
Rv3730c,0.00,0.993
Rv3731,-0.36,0.011
Rv3732,-0.14,0.382
Rv3734c,0.29,0.106
Rv3747,0.12,0.722
Rv3754,-0.05,0.606
Rv3755c,-0.25,0.085
Rv3758c,0.28,0.019
Rv3759c,-0.28,0.285
Rv3761c,-0.21,0.018
Rv3762c,-0.20,0.167
Rv3763,-0.67,0.033
Rv3764c,-0.65,0.007
Rv3765c,-0.26,0.243
Rv3766,-0.02,0.939
Rv3767c,-0.10,0.168
Rv3768,0.08,0.706
Rv3772,0.14,0.060
Rv3773c,0.05,0.857
Rv3774,0.52,0.024
Rv3775,-0.49,0.111
Rv3777,-0.82,0.002
Rv3778c,0.17,0.045
Rv3779,0.12,0.555
Rv3780,-0.02,0.898
Rv3781,0.05,0.584
Rv3782,-0.05,0.764
Rv3784,0.62,0.131
Rv3786c,-0.04,0.882
Rv3788,0.01,0.972
Rv3790,-0.27,0.017
Rv3791,-0.14,0.194
Rv3792,-0.29,0.304
Rv3793,-0.38,0.010
Rv3794,0.08,0.663
Rv3795,-0.34,0.030
Rv3796,0.00,0.991
Rv3797,0.22,0.370
Rv3799c,-0.40,0.002
Rv3800c,-0.35,0.005
Rv3801c,-0.54,0.006
Rv3802c,-0.76,0.003
Rv3803c,-0.74,0.009
Rv3804c,-1.08,0.000
Rv3805c,-0.22,0.224
Rv3806c,0.06,0.913
Rv3807c,-0.08,0.722
Rv3808c,-0.35,0.004
Rv3809c,0.01,0.966
Rv3813c,0.34,0.025
Rv3814c,0.16,0.651
Rv3815c,0.39,0.186
Rv3816c,0.13,0.645
Rv3817,-0.39,0.096
Rv3818,0.00,0.999
Rv3819,-0.02,0.962
Rv3820c,-0.59,0.040
Rv3824c,-1.06,0.000
Rv3825c,-0.85,0.000
Rv3826,-0.49,0.008
Rv3834c,0.01,0.929
Rv3835,-1.52,0.000
Rv3836,-0.04,0.844
Rv3837c,-0.26,0.185
Rv3838c,0.00,0.980
Rv3841,2.17,0.000
Rv3842c,-0.88,0.000
Rv3843c,-1.01,0.001
Rv3846,-0.46,0.016
Rv3849,-0.25,0.220
Rv3850,0.23,0.505
Rv3852,0.04,0.922
Rv3853,-0.22,0.109
Rv3854c,0.80,0.001
Rv3855,0.85,0.002
Rv3856c,0.38,0.001
Rv3858c,-0.73,0.006
Rv3859c,-0.65,0.009
Rv3863,-0.19,0.172
Rv3864,0.13,0.445
Rv3865,-0.31,0.026
Rv3866,-0.34,0.208
Rv3867,0.13,0.801
Rv3868,-0.21,0.252
Rv3869,0.36,0.052
Rv3870,0.47,0.030
Rv3871,0.04,0.850
Rv3872,-3.49,0.000
Rv3873,-0.31,0.096
Rv3874,1.40,0.000
Rv3875,0.31,0.046
Rv3876,0.47,0.051
Rv3877,1.00,0.003
Rv3878,-0.62,0.001
Rv3879c,-0.07,0.486
Rv3880c,0.01,0.970
Rv3881c,-0.09,0.050
Rv3882c,-0.14,0.521
Rv3883c,-0.31,0.162
Rv3885c,-0.59,0.005
Rv3886c,-0.25,0.035
Rv3888c,-0.32,0.002
Rv3890c,-1.42,0.000
Rv3891c,-0.95,0.012
Rv3894c,-0.80,0.026
Rv3895c,-0.14,0.530
Rv3898c,-3.05,0.000
Rv3902c,0.23,0.091
Rv3907c,-0.11,0.275
Rv3908,0.04,0.915
Rv3909,-0.16,0.211
Rv3910,0.11,0.526
Rv3913,-0.36,0.087
Rv3914,0.01,0.957
Rv3915,-0.55,0.001
Rv3916c,0.55,0.003
Rv3917c,-0.15,0.397
Rv3918c,-0.47,0.000
Rv3919c,-0.30,0.268
Rv3920c,-0.96,0.000
Rv3921c,-0.09,0.358
Rv3922c,-0.55,0.027
Rv3924c,0.70,0.236
